MAFABONG CASTAMAN DITCHA,ZT23CF022,castamandi@4admins.com,male
BASKODA MASKA LINKDA,ZT23CF110,baskodamal@4admins.com,female
FALINGA MOUSA LIHAILA,ZT23CF183,falihaila@4admins.com,male
BUSANDI LAKAMAN,ZT23CF121,bulakam47@4admins.com,male
MALABONG SEPTIE AUSTIN,ZT23CF011,septaus2@4admins.com,male
BROLLIN MAGASTA,ZT23CF0119,brolliman@4admins.com,male
LAKANYO HASTI,ZT23CF017,lakhasti@4admins.com,female
FOLIKA ANASTASIA,ZT23CF094,folikana@4admins.com,female
TAYANG CONSTANCE YONG,ZT23CF091,taconsty@mail.com,female
